{
  "welcomeFile": "/index.html",
  "authenticationMethod": "route",
  "routes": [
    {
      "source": "^/user-api(.*)",
      "target": "$1",
      "service": "sap-approuter-userapi"
    },
    {
      "source": "^/odata/v2/mainService/(.*)$",
      "destination": "srv-api",
      "csrfProtection": false,
      "authenticationType": "xsuaa",
      "cacheControl": "no-cache, no-store, must-revalidate"
    },
    {
      "source": "^(.*)$",
      "target": "$1",
      "service": "html5-apps-repo-rt",
      "authenticationType": "xsuaa"
    }
  ]
}
